<?xml version="1.0" encoding="UTF-8"?>
<jcr:root xmlns:sling="http://sling.apache.org/jcr/sling/1.0" xmlns:cq="http://www.day.com/jcr/cq/1.0" xmlns:jcr="http://www.jcp.org/jcr/1.0" xmlns:nt="http://www.jcp.org/jcr/nt/1.0" xmlns:rep="internal"
    jcr:mixinTypes="[rep:AccessControllable]"
    jcr:primaryType="cq:Page">
    <rep:policy/>
    <wcm jcr:primaryType="nt:unstructured">
        <foundation jcr:primaryType="nt:unstructured">
            <components jcr:primaryType="nt:unstructured">
                <responsivegrid jcr:primaryType="nt:unstructured">
                    <content-default
                        jcr:description="Policy for editable layout containers"
                        jcr:lastModified="{Date}2019-03-19T13:18:46.128-07:00"
                        jcr:lastModifiedBy="admin"
                        jcr:primaryType="nt:unstructured"
                        jcr:title="WKND Site Default"
                        sling:resourceType="wcm/core/components/policy/policy"
                        components="[/libs/wcm/foundation/components/responsivegrid,group:WKND.Content,/apps/wknd/components/form/container,group:WKND.Structure]"
                        policyResourceType="wcm/foundation/components/responsivegrid">
                        <cq:authoring jcr:primaryType="nt:unstructured">
                            <assetToComponentMapping jcr:primaryType="nt:unstructured">
                                <image
                                    jcr:primaryType="nt:unstructured"
                                    assetGroup="media"
                                    assetMimetype="image/*"
                                    droptarget="image"
                                    resourceType="wknd/components/content/image"
                                    type="Images"/>
                            </assetToComponentMapping>
                        </cq:authoring>
                        <jcr:content
                            jcr:primaryType="nt:unstructured"
                            mergeList="{Boolean}true"/>
                    </content-default>
                    <policy_213106331986985
                        jcr:lastModified="{Date}2019-04-17T15:30:03.692-07:00"
                        jcr:lastModifiedBy="admin"
                        jcr:primaryType="nt:unstructured"
                        jcr:title="WKND Content"
                        sling:resourceType="wcm/core/components/policy/policy"
                        components="[/libs/wcm/foundation/components/responsivegrid,/apps/wknd/components/content/breadcrumb,/apps/wknd/components/content/byline,/apps/wknd/components/content/carousel,/apps/wknd/components/content/contentfragment,/apps/wknd/components/content/image,/apps/wknd/components/content/list,/apps/wknd/components/content/teaser,/apps/wknd/components/content/text,/apps/wknd/components/content/title]">
                        <jcr:content jcr:primaryType="nt:unstructured"/>
                        <cq:authoring jcr:primaryType="nt:unstructured">
                            <assetToComponentMapping jcr:primaryType="nt:unstructured">
                                <mapping_1553026868912
                                    jcr:primaryType="nt:unstructured"
                                    assetGroup="media"
                                    assetMimetype="image/*"
                                    droptarget="image"
                                    resourceType="wknd/components/content/image"/>
                            </assetToComponentMapping>
                        </cq:authoring>
                        <cq:styleGroups jcr:primaryType="nt:unstructured">
                            <item0 jcr:primaryType="nt:unstructured">
                                <cq:styles jcr:primaryType="nt:unstructured">
                                    <item0
                                        cq:styleId="1554340388221"
                                        cq:styleLabel="Full Width"
                                        jcr:primaryType="nt:unstructured"/>
                                    <item1
                                        cq:styleClasses="cmp-layout-container--fixed"
                                        cq:styleId="1554340406437"
                                        cq:styleLabel="Fixed Width"
                                        jcr:primaryType="nt:unstructured"/>
                                </cq:styles>
                            </item0>
                        </cq:styleGroups>
                    </policy_213106331986985>
                    <policy_178507300498125
                        jcr:lastModified="{Date}2019-04-03T18:33:18.218-07:00"
                        jcr:lastModifiedBy="admin"
                        jcr:primaryType="nt:unstructured"
                        jcr:title="WKND Article Sidebar"
                        sling:resourceType="wcm/core/components/policy/policy"
                        components="[/apps/wknd/components/content/image,/apps/wknd/components/content/list,/apps/wknd/components/content/text,/apps/wknd/components/content/title]">
                        <jcr:content jcr:primaryType="nt:unstructured"/>
                    </policy_178507300498125>
                    <policy_4792148308882
                        cq:styleDefaultClasses="cmp-layout-container--footer"
                        jcr:lastModified="{Date}2019-04-16T09:14:15.238-07:00"
                        jcr:lastModifiedBy="admin"
                        jcr:primaryType="nt:unstructured"
                        jcr:title="WKND Footer"
                        sling:resourceType="wcm/core/components/policy/policy"
                        components="[group:WKND.Content,group:WKND.Structure]">
                        <jcr:content jcr:primaryType="nt:unstructured"/>
                    </policy_4792148308882>
                </responsivegrid>
            </components>
        </foundation>
    </wcm>
    <wknd jcr:primaryType="nt:unstructured">
        <components jcr:primaryType="nt:unstructured">
            <form jcr:primaryType="nt:unstructured">
                <container jcr:primaryType="nt:unstructured">
                    <form-container
                        jcr:primaryType="nt:unstructured"
                        jcr:title="WKND Site Form"
                        sling:resourceType="wcm/core/components/policy/policy"
                        components="[/apps/wknd/components/form/button,/apps/wknd/components/form/hidden,/apps/wknd/components/form/options,/apps/wknd/components/form/text]">
                        <jcr:content jcr:primaryType="nt:unstructured"/>
                    </form-container>
                </container>
            </form>
            <content jcr:primaryType="nt:unstructured">
                <title jcr:primaryType="nt:unstructured">
                    <policy_1554340232282
                        jcr:lastModified="{Date}2019-04-03T18:45:00.379-07:00"
                        jcr:lastModifiedBy="admin"
                        jcr:primaryType="nt:unstructured"
                        jcr:title="WKND Title - Article"
                        sling:resourceType="wcm/core/components/policy/policy"
                        allowedTypes="[h1,h2,h3,h4,h5,h6]"
                        linkDisabled="false"
                        type="h1">
                        <jcr:content jcr:primaryType="nt:unstructured"/>
                        <cq:styleGroups jcr:primaryType="nt:unstructured">
                            <item0 jcr:primaryType="nt:unstructured">
                                <cq:styles jcr:primaryType="nt:unstructured">
                                    <item0
                                        cq:styleClasses="cmp-title--underline"
                                        cq:styleId="1554340254365"
                                        cq:styleLabel="Underline"
                                        jcr:primaryType="nt:unstructured"/>
                                </cq:styles>
                            </item0>
                        </cq:styleGroups>
                    </policy_1554340232282>
                </title>
                <text jcr:primaryType="nt:unstructured">
                    <policy_1554340265233
                        jcr:lastModified="{Date}2019-04-18T16:35:35.241-07:00"
                        jcr:lastModifiedBy="admin"
                        jcr:primaryType="nt:unstructured"
                        jcr:title="WKND Text - Article"
                        sling:resourceType="wcm/core/components/policy/policy">
                        <jcr:content jcr:primaryType="nt:unstructured"/>
                        <rtePlugins jcr:primaryType="nt:unstructured">
                            <paraformat
                                jcr:primaryType="nt:unstructured"
                                features="*">
                                <formats
                                    jcr:primaryType="nt:unstructured"
                                    override="true">
                                    <item0
                                        jcr:primaryType="nt:unstructured"
                                        description="Paragraph"
                                        tag="p"/>
                                    <item1
                                        jcr:primaryType="nt:unstructured"
                                        description="Quote"
                                        tag="blockquote"/>
                                </formats>
                            </paraformat>
                            <misctools
                                jcr:primaryType="nt:unstructured"
                                features="-">
                                <specialCharsConfig jcr:primaryType="nt:unstructured">
                                    <chars
                                        jcr:primaryType="nt:unstructured"
                                        override="true">
                                        <item0
                                            jcr:primaryType="nt:unstructured"
                                            entity="&amp;copy;"
                                            name="copyright"/>
                                        <item1
                                            jcr:primaryType="nt:unstructured"
                                            entity="&amp;euro;"
                                            name="euro"/>
                                        <item2
                                            jcr:primaryType="nt:unstructured"
                                            entity="&amp;reg;"
                                            name="registered"/>
                                        <item3
                                            jcr:primaryType="nt:unstructured"
                                            entity="&amp;trade;"
                                            name="trademark"/>
                                    </chars>
                                </specialCharsConfig>
                            </misctools>
                            <edit
                                jcr:primaryType="nt:unstructured"
                                features="-"/>
                            <findreplace
                                jcr:primaryType="nt:unstructured"
                                features="-"/>
                            <undo
                                jcr:primaryType="nt:unstructured"
                                features="-"/>
                            <spellcheck
                                jcr:primaryType="nt:unstructured"
                                features="-"/>
                            <image
                                jcr:primaryType="nt:unstructured"
                                features="-"/>
                            <table
                                jcr:primaryType="nt:unstructured"
                                features="-"/>
                            <lists
                                jcr:primaryType="nt:unstructured"
                                features="*"/>
                            <justify
                                jcr:primaryType="nt:unstructured"
                                features="-"/>
                            <format
                                jcr:primaryType="nt:unstructured"
                                features="bold,italic,underline"/>
                            <links
                                jcr:primaryType="nt:unstructured"
                                features="modifylink,unlink"/>
                            <subsuperscript
                                jcr:primaryType="nt:unstructured"
                                features="-"/>
                        </rtePlugins>
                        <cq:styleGroups jcr:primaryType="nt:unstructured">
                            <item0 jcr:primaryType="nt:unstructured">
                                <cq:styles jcr:primaryType="nt:unstructured">
                                    <item0
                                        cq:styleClasses="cmp-text--quote"
                                        cq:styleId="1554340301154"
                                        cq:styleLabel="Quote Block"
                                        jcr:primaryType="nt:unstructured"/>
                                </cq:styles>
                            </item0>
                        </cq:styleGroups>
                    </policy_1554340265233>
                </text>
                <list jcr:primaryType="nt:unstructured">
                    <policy_1554340319446
                        jcr:lastModified="{Date}2019-04-18T16:35:43.780-07:00"
                        jcr:lastModifiedBy="admin"
                        jcr:primaryType="nt:unstructured"
                        jcr:title="WKND List - Article"
                        sling:resourceType="wcm/core/components/policy/policy"
                        dateFormat="EEEE, d MMM y"
                        disableChildren="false"
                        disableSearch="false"
                        disableStatic="false"
                        disableTags="false"
                        linkItems="false"
                        showDescription="false"
                        showModificationDate="false">
                        <jcr:content jcr:primaryType="nt:unstructured"/>
                        <cq:styleGroups jcr:primaryType="nt:unstructured">
                            <item0 jcr:primaryType="nt:unstructured">
                                <cq:styles jcr:primaryType="nt:unstructured">
                                    <item0
                                        cq:styleClasses="cmp-list--upnext"
                                        cq:styleId="1554340350631"
                                        cq:styleLabel="Up Next"
                                        jcr:primaryType="nt:unstructured"/>
                                </cq:styles>
                            </item0>
                        </cq:styleGroups>
                    </policy_1554340319446>
                </list>
                <image jcr:primaryType="nt:unstructured">
                    <policy_1554341366929
                        jcr:lastModified="{Date}2019-04-18T16:35:27.752-07:00"
                        jcr:lastModifiedBy="admin"
                        jcr:primaryType="nt:unstructured"
                        jcr:title="WKND Image - Article"
                        sling:resourceType="wcm/core/components/policy/policy"
                        allowedRenditionWidths="[300,500,800,1000,1200]"
                        allowUpload="true"
                        altValueFromDAM="true"
                        disableLazyLoading="true"
                        displayPopupTitle="true"
                        isDecorative="false"
                        jpegQuality="{Long}100"
                        titleValueFromDAM="true"
                        uuidDisabled="true">
                        <jcr:content jcr:primaryType="nt:unstructured"/>
                        <plugins jcr:primaryType="nt:unstructured">
                            <crop
                                jcr:primaryType="nt:unstructured"
                                features="*">
                                <aspectRatios jcr:primaryType="nt:unstructured">
                                    <item0
                                        jcr:primaryType="nt:unstructured"
                                        name="Wide Landscape"
                                        ratio="0.6180"/>
                                    <item1
                                        jcr:primaryType="nt:unstructured"
                                        name="Landscape"
                                        ratio="0.8284"/>
                                    <item2
                                        jcr:primaryType="nt:unstructured"
                                        name="Square"
                                        ratio="1"/>
                                    <item3
                                        jcr:primaryType="nt:unstructured"
                                        name="Portrait"
                                        ratio="1.6180"/>
                                </aspectRatios>
                            </crop>
                            <rotate
                                jcr:primaryType="nt:unstructured"
                                features="right"/>
                            <flip
                                jcr:primaryType="nt:unstructured"
                                features="-"/>
                        </plugins>
                    </policy_1554341366929>
                </image>
                <breadcrumb jcr:primaryType="nt:unstructured">
                    <policy_1554341419430
                        jcr:lastModified="{Date}2019-04-18T16:36:14.185-07:00"
                        jcr:lastModifiedBy="admin"
                        jcr:primaryType="nt:unstructured"
                        jcr:title="WKND Breadcrumb - Article"
                        sling:resourceType="wcm/core/components/policy/policy"
                        hideCurrent="false"
                        showHidden="false"
                        startLevel="2">
                        <jcr:content jcr:primaryType="nt:unstructured"/>
                    </policy_1554341419430>
                </breadcrumb>
                <byline jcr:primaryType="nt:unstructured"/>
                <teaser jcr:primaryType="nt:unstructured">
                    <policy_1555539430196
                        jcr:lastModified="{Date}2019-04-17T16:20:18.919-07:00"
                        jcr:lastModifiedBy="admin"
                        jcr:primaryType="nt:unstructured"
                        jcr:title="WKND Teaser"
                        sling:resourceType="wcm/core/components/policy/policy">
                        <jcr:content jcr:primaryType="nt:unstructured"/>
                        <cq:styleGroups jcr:primaryType="nt:unstructured">
                            <item0 jcr:primaryType="nt:unstructured">
                                <cq:styles jcr:primaryType="nt:unstructured">
                                    <item0
                                        cq:styleClasses="cmp-teaser--card"
                                        cq:styleId="1555539443529"
                                        cq:styleLabel="Card"
                                        jcr:primaryType="nt:unstructured"/>
                                    <item1
                                        cq:styleClasses="cmp-teaser--slide"
                                        cq:styleId="1555543212672"
                                        cq:styleLabel="Slide"
                                        jcr:primaryType="nt:unstructured"/>
                                </cq:styles>
                            </item0>
                        </cq:styleGroups>
                    </policy_1555539430196>
                </teaser>
                <carousel jcr:primaryType="nt:unstructured">
                    <policy_1555540352044
                        jcr:lastModified="{Date}2019-04-17T16:57:17.960-07:00"
                        jcr:lastModifiedBy="admin"
                        jcr:primaryType="nt:unstructured"
                        jcr:title="WKND Carousel"
                        sling:resourceType="wcm/core/components/policy/policy"
                        autopauseDisabled="false"
                        autoplay="false"
                        components="/apps/wknd/components/content/teaser"
                        delay="5000">
                        <jcr:content jcr:primaryType="nt:unstructured"/>
                        <cq:styleGroups jcr:primaryType="nt:unstructured">
                            <item0 jcr:primaryType="nt:unstructured">
                                <cq:styles jcr:primaryType="nt:unstructured">
                                    <item0
                                        cq:styleClasses="cmp-carousel--hero"
                                        cq:styleId="1555545421827"
                                        cq:styleLabel="Hero"
                                        jcr:primaryType="nt:unstructured"/>
                                </cq:styles>
                            </item0>
                        </cq:styleGroups>
                    </policy_1555540352044>
                </carousel>
                <contentfragment jcr:primaryType="nt:unstructured"/>
            </content>
            <structure jcr:primaryType="nt:unstructured">
                <navigation jcr:primaryType="nt:unstructured">
                    <policy_1555431038157
                        jcr:lastModified="{Date}2019-04-16T09:13:14.351-07:00"
                        jcr:lastModifiedBy="admin"
                        jcr:primaryType="nt:unstructured"
                        jcr:title="WKND Navigation - Header "
                        sling:resourceType="wcm/core/components/policy/policy"
                        collectAllPages="false"
                        navigationRoot="/content/wknd/en"
                        skipNavigationRoot="true"
                        structureDepth="1">
                        <jcr:content jcr:primaryType="nt:unstructured"/>
                    </policy_1555431038157>
                    <policy_4825943207134
                        cq:styleDefaultClasses="cmp-navigation--footer"
                        jcr:lastModified="{Date}2019-04-16T09:14:47.572-07:00"
                        jcr:lastModifiedBy="admin"
                        jcr:primaryType="nt:unstructured"
                        jcr:title="WKND Navigation - Footer"
                        sling:resourceType="wcm/core/components/policy/policy"
                        collectAllPages="false"
                        navigationRoot="/content/wknd/en"
                        skipNavigationRoot="true"
                        structureDepth="1">
                        <jcr:content jcr:primaryType="nt:unstructured"/>
                    </policy_4825943207134>
                </navigation>
                <header jcr:primaryType="nt:unstructured">
                    <policy_1555430849974
                        jcr:lastModified="{Date}2019-04-16T09:13:08.136-07:00"
                        jcr:lastModifiedBy="admin"
                        jcr:primaryType="nt:unstructured"
                        jcr:title="WKND Header"
                        sling:resourceType="wcm/core/components/policy/policy"
                        rootPath="/content/wknd/en">
                        <jcr:content jcr:primaryType="nt:unstructured"/>
                    </policy_1555430849974>
                </header>
                <search jcr:primaryType="nt:unstructured">
                    <policy_1555431088440
                        jcr:lastModified="{Date}2019-04-16T09:13:20.182-07:00"
                        jcr:lastModifiedBy="admin"
                        jcr:primaryType="nt:unstructured"
                        jcr:title="WKND Search - Header"
                        sling:resourceType="wcm/core/components/policy/policy"
                        resultsSize="5"
                        searchRoot="/content/wknd/en"
                        searchTermMinimumLength="3">
                        <jcr:content jcr:primaryType="nt:unstructured"/>
                    </policy_1555431088440>
                </search>
                <page jcr:primaryType="nt:unstructured">
                    <policy_1555624447675
                        jcr:lastModified="{Date}2019-04-18T14:54:45.691-07:00"
                        jcr:lastModifiedBy="admin"
                        jcr:primaryType="nt:unstructured"
                        jcr:title="WKND Landing Page"
                        sling:resourceType="wcm/core/components/policy/policy">
                        <jcr:content jcr:primaryType="nt:unstructured"/>
                        <cq:styleGroups jcr:primaryType="nt:unstructured">
                            <item0 jcr:primaryType="nt:unstructured">
                                <cq:styles jcr:primaryType="nt:unstructured">
                                    <item0
                                        cq:styleClasses="wknd-page--home"
                                        cq:styleId="1555624476368"
                                        cq:styleLabel="Homepage"
                                        jcr:primaryType="nt:unstructured"/>
                                </cq:styles>
                            </item0>
                        </cq:styleGroups>
                    </policy_1555624447675>
                </page>
            </structure>
        </components>
    </wknd>
</jcr:root>
