<?xml version="1.0" encoding="UTF-8"?>
<jcr:root xmlns:sling="http://sling.apache.org/jcr/sling/1.0" xmlns:cq="http://www.day.com/jcr/cq/1.0" xmlns:jcr="http://www.jcp.org/jcr/1.0" xmlns:nt="http://www.jcp.org/jcr/nt/1.0"
    jcr:primaryType="cq:Page">
    <jcr:content
        cq:lastModified="{Date}2019-04-18T15:23:02.173-07:00"
        cq:lastModifiedBy="admin"
        cq:styleIds="[1555624476368]"
        cq:template="/conf/wknd/settings/wcm/templates/landing-page-template"
        jcr:primaryType="cq:PageContent"
        jcr:title="Home"
        sling:resourceType="wknd/components/structure/page">
        <root
            jcr:primaryType="nt:unstructured"
            sling:resourceType="wcm/foundation/components/responsivegrid">
            <responsivegrid
                jcr:created="{Date}2019-03-19T13:22:52.385-07:00"
                jcr:createdBy="admin"
                jcr:lastModified="{Date}2019-03-19T13:23:39.376-07:00"
                jcr:lastModifiedBy="admin"
                jcr:primaryType="nt:unstructured"
                sling:resourceType="wcm/foundation/components/responsivegrid">
                <carousel
                    cq:styleIds="[1555545421827]"
                    jcr:created="{Date}2019-04-17T15:36:28.849-07:00"
                    jcr:createdBy="admin"
                    jcr:lastModified="{Date}2019-04-17T15:47:01.178-07:00"
                    jcr:lastModifiedBy="admin"
                    jcr:primaryType="nt:unstructured"
                    sling:resourceType="wknd/components/content/carousel"
                    autopauseDisabled="false"
                    autoplay="false"
                    delay="5000">
                    <teaser
                        cq:panelTitle="LA Skateparks"
                        cq:styleIds="[1555543212672]"
                        jcr:created="{Date}2019-04-17T15:43:55.322-07:00"
                        jcr:createdBy="admin"
                        jcr:lastModified="{Date}2019-04-17T15:45:08.242-07:00"
                        jcr:lastModifiedBy="admin"
                        jcr:primaryType="nt:unstructured"
                        sling:resourceType="wknd/components/content/teaser"
                        actionsEnabled="true"
                        descriptionFromPage="true"
                        fileReference="/content/dam/wknd/en/los-angeles/skateboard-hero.jpg"
                        textIsRich="true"
                        titleFromPage="true">
                        <actions jcr:primaryType="nt:unstructured">
                            <item0
                                jcr:primaryType="nt:unstructured"
                                link="/content/wknd/en/sports/la-skateparks"
                                text="Read More"/>
                        </actions>
                    </teaser>
                    <item_1555541210019
                        cq:panelTitle="Office"
                        cq:styleIds="[1555543212672]"
                        jcr:lastModified="{Date}2019-04-17T15:53:29.822-07:00"
                        jcr:lastModifiedBy="admin"
                        jcr:primaryType="nt:unstructured"
                        sling:resourceType="wknd/components/content/teaser"
                        actionsEnabled="true"
                        descriptionFromPage="true"
                        fileReference="/content/dam/wknd/en/los-angeles/desk-hero2.jpg"
                        textIsRich="true"
                        titleFromPage="true">
                        <actions jcr:primaryType="nt:unstructured">
                            <item0
                                jcr:primaryType="nt:unstructured"
                                link="/content/wknd/en/shopping/office-space"
                                text="Read More"/>
                        </actions>
                    </item_1555541210019>
                    <item_1555541215733
                        cq:panelTitle="Architecture"
                        cq:styleIds="[1555543212672]"
                        jcr:lastModified="{Date}2019-04-17T15:52:36.845-07:00"
                        jcr:lastModifiedBy="admin"
                        jcr:primaryType="nt:unstructured"
                        sling:resourceType="wknd/components/content/teaser"
                        actionsEnabled="true"
                        descriptionFromPage="true"
                        fileReference="/content/dam/wknd/en/los-angeles/architecture-hero.jpg"
                        textIsRich="true"
                        titleFromPage="true">
                        <actions jcr:primaryType="nt:unstructured">
                            <item0
                                jcr:primaryType="nt:unstructured"
                                link="/content/wknd/en/art/architecture"
                                text="Read More"/>
                        </actions>
                    </item_1555541215733>
                </carousel>
                <responsivegrid
                    cq:styleIds="[1554340406437]"
                    jcr:created="{Date}2019-04-17T14:31:50.612-07:00"
                    jcr:createdBy="admin"
                    jcr:lastModified="{Date}2019-04-17T14:31:50.612-07:00"
                    jcr:lastModifiedBy="admin"
                    jcr:primaryType="nt:unstructured"
                    sling:resourceType="wcm/foundation/components/responsivegrid">
                    <cq:responsive jcr:primaryType="nt:unstructured"/>
                    <teaser
                        cq:styleIds="[1555539443529]"
                        jcr:created="{Date}2019-04-17T14:34:49.885-07:00"
                        jcr:createdBy="admin"
                        jcr:lastModified="{Date}2019-04-17T14:35:53.371-07:00"
                        jcr:lastModifiedBy="admin"
                        jcr:primaryType="nt:unstructured"
                        sling:resourceType="wknd/components/content/teaser"
                        actionsEnabled="true"
                        descriptionFromPage="true"
                        fileReference="/content/dam/wknd/en/los-angeles/roaster-image.jpeg"
                        textIsRich="true"
                        titleFromPage="true">
                        <actions jcr:primaryType="nt:unstructured">
                            <item0
                                jcr:primaryType="nt:unstructured"
                                link="/content/wknd/en/restaurants/best-roasters"
                                text="Read More"/>
                        </actions>
                        <cq:responsive jcr:primaryType="nt:unstructured">
                            <default
                                jcr:primaryType="nt:unstructured"
                                offset="0"
                                width="3"/>
                            <phone
                                jcr:primaryType="nt:unstructured"
                                offset="0"
                                width="12"/>
                            <tablet
                                jcr:primaryType="nt:unstructured"
                                offset="0"
                                width="6"/>
                        </cq:responsive>
                    </teaser>
                    <teaser_1194499207
                        cq:styleIds="[1555539443529]"
                        jcr:created="{Date}2019-04-17T14:39:20.878-07:00"
                        jcr:createdBy="admin"
                        jcr:lastModified="{Date}2019-04-17T14:40:22.783-07:00"
                        jcr:lastModifiedBy="admin"
                        jcr:primaryType="nt:unstructured"
                        sling:resourceType="wknd/components/content/teaser"
                        actionsEnabled="true"
                        descriptionFromPage="true"
                        fileReference="/content/dam/wknd/en/los-angeles/nadine-shaabana-161337.jpg"
                        textIsRich="true"
                        titleFromPage="true">
                        <cq:responsive jcr:primaryType="nt:unstructured">
                            <default
                                jcr:primaryType="nt:unstructured"
                                offset="0"
                                width="6"/>
                            <phone
                                jcr:primaryType="nt:unstructured"
                                offset="0"
                                width="12"/>
                        </cq:responsive>
                        <actions jcr:primaryType="nt:unstructured">
                            <item0
                                jcr:primaryType="nt:unstructured"
                                link="/content/wknd/en/music/underground-musicians"
                                text="Read More"/>
                        </actions>
                    </teaser_1194499207>
                    <teaser_2058099794
                        cq:styleIds="[1555539443529]"
                        jcr:created="{Date}2019-04-17T14:40:27.220-07:00"
                        jcr:createdBy="admin"
                        jcr:lastModified="{Date}2019-04-17T14:41:16.139-07:00"
                        jcr:lastModifiedBy="admin"
                        jcr:primaryType="nt:unstructured"
                        sling:resourceType="wknd/components/content/teaser"
                        actionsEnabled="true"
                        descriptionFromPage="true"
                        fileReference="/content/dam/wknd/en/los-angeles/whiteflowers.jpg"
                        textIsRich="true"
                        titleFromPage="true">
                        <cq:responsive jcr:primaryType="nt:unstructured">
                            <default
                                jcr:primaryType="nt:unstructured"
                                offset="0"
                                width="3"/>
                            <tablet
                                jcr:primaryType="nt:unstructured"
                                offset="0"
                                width="6"/>
                            <phone
                                jcr:primaryType="nt:unstructured"
                                offset="0"
                                width="12"/>
                        </cq:responsive>
                        <actions jcr:primaryType="nt:unstructured">
                            <item0
                                jcr:primaryType="nt:unstructured"
                                link="/content/wknd/en/art/photography"
                                text="Read More"/>
                        </actions>
                    </teaser_2058099794>
                    <teaser_1571332096
                        cq:styleIds="[1555539443529]"
                        jcr:created="{Date}2019-04-18T15:16:02.325-07:00"
                        jcr:createdBy="admin"
                        jcr:lastModified="{Date}2019-04-18T15:19:31.687-07:00"
                        jcr:lastModifiedBy="admin"
                        jcr:primaryType="nt:unstructured"
                        sling:resourceType="wknd/components/content/teaser"
                        actionsEnabled="true"
                        descriptionFromPage="true"
                        fileReference="/content/dam/wknd/en/los-angeles/taiana-martinez-tai-s-captures-1430583-unsplash.jpg"
                        textIsRich="true"
                        titleFromPage="true">
                        <cq:responsive jcr:primaryType="nt:unstructured">
                            <default
                                jcr:primaryType="nt:unstructured"
                                offset="0"
                                width="4"/>
                            <tablet
                                jcr:primaryType="nt:unstructured"
                                width="6"/>
                            <phone
                                jcr:primaryType="nt:unstructured"
                                offset="0"
                                width="12"/>
                        </cq:responsive>
                        <actions jcr:primaryType="nt:unstructured">
                            <item0
                                jcr:primaryType="nt:unstructured"
                                link="/content/wknd/en/restaurants/best-tacos-in-the-city"
                                text="Read More"/>
                        </actions>
                    </teaser_1571332096>
                    <teaser_1571332096_co
                        cq:styleIds="[1555539443529]"
                        jcr:created="{Date}2019-04-18T15:16:02.325-07:00"
                        jcr:createdBy="admin"
                        jcr:lastModified="{Date}2019-04-18T15:17:55.867-07:00"
                        jcr:lastModifiedBy="admin"
                        jcr:primaryType="nt:unstructured"
                        sling:resourceType="wknd/components/content/teaser"
                        actionsEnabled="true"
                        descriptionFromPage="true"
                        fileReference="/content/dam/wknd/en/los-angeles/roi-dimor-388002.jpg"
                        textIsRich="true"
                        titleFromPage="true">
                        <cq:responsive jcr:primaryType="nt:unstructured">
                            <default
                                jcr:primaryType="nt:unstructured"
                                offset="0"
                                width="4"/>
                            <tablet
                                jcr:primaryType="nt:unstructured"
                                offset="0"
                                width="6"/>
                            <phone
                                jcr:primaryType="nt:unstructured"
                                offset="0"
                                width="12"/>
                        </cq:responsive>
                        <actions jcr:primaryType="nt:unstructured">
                            <item0
                                jcr:primaryType="nt:unstructured"
                                link="/content/wknd/en/art/cars"
                                text="Read More"/>
                        </actions>
                    </teaser_1571332096_co>
                    <teaser_1571332096_co_34061039
                        cq:styleIds="[1555539443529]"
                        jcr:created="{Date}2019-04-18T15:16:02.325-07:00"
                        jcr:createdBy="admin"
                        jcr:lastModified="{Date}2019-04-18T15:18:36.286-07:00"
                        jcr:lastModifiedBy="admin"
                        jcr:primaryType="nt:unstructured"
                        sling:resourceType="wknd/components/content/teaser"
                        actionsEnabled="true"
                        descriptionFromPage="true"
                        fileReference="/content/dam/we-retail/en/activities/biking/cycling_1.jpg"
                        textIsRich="true"
                        titleFromPage="true">
                        <cq:responsive jcr:primaryType="nt:unstructured">
                            <default
                                jcr:primaryType="nt:unstructured"
                                offset="0"
                                width="4"/>
                            <tablet
                                jcr:primaryType="nt:unstructured"
                                offset="0"
                                width="6"/>
                            <phone
                                jcr:primaryType="nt:unstructured"
                                offset="0"
                                width="12"/>
                        </cq:responsive>
                        <actions jcr:primaryType="nt:unstructured">
                            <item0
                                jcr:primaryType="nt:unstructured"
                                link="/content/wknd/en/sports/mountain-bike-routes"
                                text="Read More"/>
                        </actions>
                    </teaser_1571332096_co_34061039>
                </responsivegrid>
            </responsivegrid>
        </root>
    </jcr:content>
    <restaurants/>
    <bars/>
    <sports/>
    <art/>
    <music/>
    <shopping/>
</jcr:root>
